pokketUserId,participant_plan_item_id,organization_name,organization_id,contract_id
H17tAztIH,1pFNDjTNXW,NC Adult Corrections Reentry,lV3UTgB-_,7
H17tAztIH,5Tzt_R5xif,NC Adult Corrections Reentry,lV3UTgB-_,7
ryvn_BO7L,bCnZBXGvLo,NC Adult Corrections Reentry,lV3UTgB-_,7
ryvn_BO7L,EGP7Uzk9eE,NC Adult Corrections Reentry,lV3UTgB-_,7
BySmKrO7L,izgyI5Vu2v,NC Adult Corrections Reentry,lV3UTgB-_,7
BySmKrO7L,Mb04KMxsRl,NC Adult Corrections Reentry,lV3UTgB-_,7
SkVe5HuXI,8lP-fSi4OZ,NC Adult Corrections Reentry,lV3UTgB-_,7
SkVe5HuXI,BIwdfkaczV,NC Adult Corrections Reentry,lV3UTgB-_,7
SkVe5HuXI,J-HY43v2lU,NC Adult Corrections Reentry,lV3UTgB-_,7
SkVe5HuXI,Oqgtrph1WA,NC Adult Corrections Reentry,lV3UTgB-_,7
BJrX9rumU,HelNqp2DCC,NC Adult Corrections Reentry,lV3UTgB-_,7
BJrX9rumU,VTzoU5jYkz,NC Adult Corrections Reentry,lV3UTgB-_,7
B12v5ruQ8,aj0Xj-Alp5,NC Adult Corrections Reentry,lV3UTgB-_,7
B12v5ruQ8,TsNOienSm3,NC Adult Corrections Reentry,lV3UTgB-_,7
SkN05r_XU,f-YWXHrSr3,NC Adult Corrections Reentry,lV3UTgB-_,7
SkN05r_XU,psn8FGrfa_,NC Adult Corrections Reentry,lV3UTgB-_,7
HklWiBdmL,efpQQqMRX4,NC Adult Corrections Reentry,lV3UTgB-_,7
HklWiBdmL,RQXdyBuO5c,NC Adult Corrections Reentry,lV3UTgB-_,7
ry1HjSdmU,EHUHE42Ljh,NC Adult Corrections Reentry,lV3UTgB-_,7
ry1HjSdmU,OkYiCMgJ5K,NC Adult Corrections Reentry,lV3UTgB-_,7
ryb_jBum8,IZUVgg0C1D,NC Adult Corrections Reentry,lV3UTgB-_,7
ryb_jBum8,PgHaNwXdbs,NC Adult Corrections Reentry,lV3UTgB-_,7
B1HciBdm8,BUa8a8Q6iH,NC Adult Corrections Reentry,lV3UTgB-_,7
B1HciBdm8,vo9rgWvtJT,NC Adult Corrections Reentry,lV3UTgB-_,7
HJT3ordXI,-_k4YIx67s,NC Adult Corrections Reentry,lV3UTgB-_,7
HJT3ordXI,A3G-tc-OUy,NC Adult Corrections Reentry,lV3UTgB-_,7
HJT3ordXI,ABeE8MVsX7,NC Adult Corrections Reentry,lV3UTgB-_,7
HJT3ordXI,xJvgamNcdF,NC Adult Corrections Reentry,lV3UTgB-_,7
H1lS3Bdm8,sl9kPqEal2,NC Adult Corrections Reentry,lV3UTgB-_,7
H1lS3Bdm8,VWwfoJVwh1,NC Adult Corrections Reentry,lV3UTgB-_,7
H1_qnrdmI,6zHeg0azQB,NC Adult Corrections Reentry,lV3UTgB-_,7
H1_qnrdmI,JIFjdejPR4,NC Adult Corrections Reentry,lV3UTgB-_,7
By063SuXI,mLmSZbVYEX,NC Adult Corrections Reentry,lV3UTgB-_,7
By063SuXI,mSXzFmwU7j,NC Adult Corrections Reentry,lV3UTgB-_,7
By063SuXI,wyTUwHlZe6,NC Adult Corrections Reentry,lV3UTgB-_,7
rykEddKQL,2PflM8Y6Z6,NC Adult Corrections Reentry,lV3UTgB-_,7
rykEddKQL,F2dmNIf3e_,NC Adult Corrections Reentry,lV3UTgB-_,7
rykEddKQL,GkIhwxC8ot,NC Adult Corrections Reentry,lV3UTgB-_,7
rykEddKQL,GRPYoBpFQQ,NC Adult Corrections Reentry,lV3UTgB-_,7
rykEddKQL,QUs09T4oad,NC Adult Corrections Reentry,lV3UTgB-_,7
HyFlYuFQ8,2wjw2IlxPf,NC Adult Corrections Reentry,lV3UTgB-_,7
HyFlYuFQ8,e2jWSdaY5I,NC Adult Corrections Reentry,lV3UTgB-_,7
HyFlYuFQ8,ir5znlZdUR,NC Adult Corrections Reentry,lV3UTgB-_,7
HyFlYuFQ8,jILvXU02rr,NC Adult Corrections Reentry,lV3UTgB-_,7
HyFlYuFQ8,jS9Zn3n7LX,NC Adult Corrections Reentry,lV3UTgB-_,7
HyFlYuFQ8,psdcPv8-mM,NC Adult Corrections Reentry,lV3UTgB-_,7
HyFlYuFQ8,usud3TgzA9,NC Adult Corrections Reentry,lV3UTgB-_,7
S1srYutm8,4-gwW5qYrj,NC Adult Corrections Reentry,lV3UTgB-_,7
S1srYutm8,qneDG0em9V,NC Adult Corrections Reentry,lV3UTgB-_,7
ryCKYutXL,aTwFATF7LE,NC Adult Corrections Reentry,lV3UTgB-_,7
ryCKYutXL,GjZVZXiAmT,NC Adult Corrections Reentry,lV3UTgB-_,7
ryCKYutXL,jKVWux1Afp,NC Adult Corrections Reentry,lV3UTgB-_,7
ryCKYutXL,m6yY-jEZQe,NC Adult Corrections Reentry,lV3UTgB-_,7
rkl0K_KXU,BxlSnPdmwQ,NC Adult Corrections Reentry,lV3UTgB-_,7
rkl0K_KXU,fR6hlBRSq_,NC Adult Corrections Reentry,lV3UTgB-_,7
rkl0K_KXU,kOXZ5gXucT,NC Adult Corrections Reentry,lV3UTgB-_,7
rkl0K_KXU,KvqSbMSoZM,NC Adult Corrections Reentry,lV3UTgB-_,7
rkl0K_KXU,L9Y6dCJW56,NC Adult Corrections Reentry,lV3UTgB-_,7
SJefcuK7I,er0cUNeDEW,NC Adult Corrections Reentry,lV3UTgB-_,7
SJefcuK7I,f07C1DzLde,NC Adult Corrections Reentry,lV3UTgB-_,7
rkarc_Y7U,dX_KAGHelY,NC Adult Corrections Reentry,lV3UTgB-_,7
rkarc_Y7U,FDaIFIllTv,NC Adult Corrections Reentry,lV3UTgB-_,7
rkarc_Y7U,nTFUOv-wfU,NC Adult Corrections Reentry,lV3UTgB-_,7
rkarc_Y7U,tTJqUobOrb,NC Adult Corrections Reentry,lV3UTgB-_,7
B1wi5uFQI,8aQlnR63ae,NC Adult Corrections Reentry,lV3UTgB-_,7
B1wi5uFQI,yjDbH7v01K,NC Adult Corrections Reentry,lV3UTgB-_,7
BknyiutXI,EneykvNycO,NC Adult Corrections Reentry,lV3UTgB-_,7
BknyiutXI,hKJeXp7I8F,NC Adult Corrections Reentry,lV3UTgB-_,7
BknyiutXI,mkx04AHMrT,NC Adult Corrections Reentry,lV3UTgB-_,7
BknyiutXI,tewLBui0t2,NC Adult Corrections Reentry,lV3UTgB-_,7
BknyiutXI,U66P6UtJgJ,NC Adult Corrections Reentry,lV3UTgB-_,7
BknyiutXI,Y674sGYBq8,NC Adult Corrections Reentry,lV3UTgB-_,7
SyUDhqat8,719tspJcWS,NC Adult Corrections Reentry,lV3UTgB-_,7
SyUDhqat8,fAj1qIWu5c,NC Adult Corrections Reentry,lV3UTgB-_,7
BkdC3cpY8,bgpEnMj-6a,NC Adult Corrections Reentry,lV3UTgB-_,7
BkdC3cpY8,yVP7gYCFAw,NC Adult Corrections Reentry,lV3UTgB-_,7
HJ4Xp5TtL,hoJqQhCuBB,NC Adult Corrections Reentry,lV3UTgB-_,7
HJ4Xp5TtL,WIMw4Fioka,NC Adult Corrections Reentry,lV3UTgB-_,7
Sy6iaq6YU,0OKvU1D0Rj,NC Adult Corrections Reentry,lV3UTgB-_,7
Sy6iaq6YU,Gfp5uekrU3,NC Adult Corrections Reentry,lV3UTgB-_,7
ryTQRqTYI,ajnid1fYXB,NC Adult Corrections Reentry,lV3UTgB-_,7
ryTQRqTYI,vbjH8hgjqm,NC Adult Corrections Reentry,lV3UTgB-_,7
HJTu0caKI,8JUkxT1RlX,NC Adult Corrections Reentry,lV3UTgB-_,7
HJTu0caKI,q3lQtD261Q,NC Adult Corrections Reentry,lV3UTgB-_,7
SJq00q6YL,51_ArCG52i,NC Adult Corrections Reentry,lV3UTgB-_,7
SJq00q6YL,kF-BtzilLB,NC Adult Corrections Reentry,lV3UTgB-_,7
r129xl1cI,6Wmdo0s8hC,NC Adult Corrections Reentry,lV3UTgB-_,7
r129xl1cI,j9eE5M3vQZ,NC Adult Corrections Reentry,lV3UTgB-_,7
r129xl1cI,jxJUGogXKV,NC Adult Corrections Reentry,lV3UTgB-_,7
r129xl1cI,LFdLa8R1LP,NC Adult Corrections Reentry,lV3UTgB-_,7
r129xl1cI,QWDg6sOCW4,NC Adult Corrections Reentry,lV3UTgB-_,7
B1kM2qSoI,cCtPFBkBEQ,NC Adult Corrections Reentry,lV3UTgB-_,7
B1kM2qSoI,uBGWx4Twjc,NC Adult Corrections Reentry,lV3UTgB-_,7
Sk_JyjHjL,pqYm6HjFdw,NC Adult Corrections Reentry,lV3UTgB-_,7
Sk_JyjHjL,XinQPXu1ur,NC Adult Corrections Reentry,lV3UTgB-_,7
ryBfx73oL,n0HQzJIKJw,NC Adult Corrections Reentry,lV3UTgB-_,7
ryBfx73oL,xuq6HmPI3P,NC Adult Corrections Reentry,lV3UTgB-_,7
r1KBgm3o8,ho86X8AGVP,NC Adult Corrections Reentry,lV3UTgB-_,7
r1KBgm3o8,MtEsiSoWsi,NC Adult Corrections Reentry,lV3UTgB-_,7
HyYDlmhiL,HHWHadsvQi,NC Adult Corrections Reentry,lV3UTgB-_,7
HyYDlmhiL,RTkgubImTf,NC Adult Corrections Reentry,lV3UTgB-_,7
HkoFgm3iL,heazgNHMFM,NC Adult Corrections Reentry,lV3UTgB-_,7
HkoFgm3iL,ilA9P5bQ7u,NC Adult Corrections Reentry,lV3UTgB-_,7
r1c2g7noL,1ZjNC08hBh,NC Adult Corrections Reentry,lV3UTgB-_,7
r1c2g7noL,4lg1G4a91l,NC Adult Corrections Reentry,lV3UTgB-_,7
By3Clmns8,p8ssQ9DAzY,NC Adult Corrections Reentry,lV3UTgB-_,7
By3Clmns8,PlHrvh1ABc,NC Adult Corrections Reentry,lV3UTgB-_,7
HkgFlWmns8,Eb3dEacHOd,NC Adult Corrections Reentry,lV3UTgB-_,7
HkgFlWmns8,es5CAfGyXX,NC Adult Corrections Reentry,lV3UTgB-_,7
r1pgjKpzv,8eSxKHFMaw,NC Adult Corrections Reentry,lV3UTgB-_,7
r1pgjKpzv,Fs6wSzNWRp,NC Adult Corrections Reentry,lV3UTgB-_,7
Sy3XoF6zv,KcQ2qG7r-p,NC Adult Corrections Reentry,lV3UTgB-_,7
Sy3XoF6zv,Xz2zdy3y9v,NC Adult Corrections Reentry,lV3UTgB-_,7
rkHLoFTMv,aafuRAGYNR,NC Adult Corrections Reentry,lV3UTgB-_,7
rkHLoFTMv,bwy29z48mI,NC Adult Corrections Reentry,lV3UTgB-_,7
S1i_oKTMw,2aHIKMXz5i,NC Adult Corrections Reentry,lV3UTgB-_,7
S1i_oKTMw,EFvJww9ajX,NC Adult Corrections Reentry,lV3UTgB-_,7
r1wnit6MP,dzStJ8br8K,NC Adult Corrections Reentry,lV3UTgB-_,7
r1wnit6MP,kZneOXZXlU,NC Adult Corrections Reentry,lV3UTgB-_,7
SJF0stTGw,s_KJLRifrb,NC Adult Corrections Reentry,lV3UTgB-_,7
SJF0stTGw,t3olLsISNT,NC Adult Corrections Reentry,lV3UTgB-_,7
SymghYpzw,p1nux910j4,NC Adult Corrections Reentry,lV3UTgB-_,7
SymghYpzw,YF7K_MA7B7,NC Adult Corrections Reentry,lV3UTgB-_,7
ryFZhYpzv,UfYs3mSD1e,NC Adult Corrections Reentry,lV3UTgB-_,7
ryFZhYpzv,XmZ8MLOFGg,NC Adult Corrections Reentry,lV3UTgB-_,7
SJS73tpzw,IpjU0S0gxe,NC Adult Corrections Reentry,lV3UTgB-_,7
SJS73tpzw,OlNWLblqxg,NC Adult Corrections Reentry,lV3UTgB-_,7
H1fS2YafD,8xmoPo08Ac,NC Adult Corrections Reentry,lV3UTgB-_,7
H1fS2YafD,DNqOpbV2Hp,NC Adult Corrections Reentry,lV3UTgB-_,7
Hkqv2Ypzv,K1LXOCt9xM,NC Adult Corrections Reentry,lV3UTgB-_,7
Hkqv2Ypzv,R221StpW4_,NC Adult Corrections Reentry,lV3UTgB-_,7
SkrK3Kpfw,0nPyJNBFa-,NC Adult Corrections Reentry,lV3UTgB-_,7
SkrK3Kpfw,pqDuAM-gnc,NC Adult Corrections Reentry,lV3UTgB-_,7
SJMG7cTzP,7mWGDt16Ya,NC Adult Corrections Reentry,lV3UTgB-_,7
SJMG7cTzP,DVVWKno9bf,NC Adult Corrections Reentry,lV3UTgB-_,7
rJw0Qq6Gv,o4avg_UYwU,NC Adult Corrections Reentry,lV3UTgB-_,7
rJw0Qq6Gv,X40EyVliWx,NC Adult Corrections Reentry,lV3UTgB-_,7
HJJzE5aGP,K_pQbGU-U3,NC Adult Corrections Reentry,lV3UTgB-_,7
HJJzE5aGP,o4Jz-RUVAH,NC Adult Corrections Reentry,lV3UTgB-_,7
SkTmEqpGv,maipY06N-f,NC Adult Corrections Reentry,lV3UTgB-_,7
SkTmEqpGv,V75O0ZqIRU,NC Adult Corrections Reentry,lV3UTgB-_,7
SyEDN9TMD,D7VVf7LY5_,NC Adult Corrections Reentry,lV3UTgB-_,7
SyEDN9TMD,zB6TGCHTkr,NC Adult Corrections Reentry,lV3UTgB-_,7
r16_E5pfw,W8jRvRJg8m,NC Adult Corrections Reentry,lV3UTgB-_,7
r16_E5pfw,_bqXRNd8hz,NC Adult Corrections Reentry,lV3UTgB-_,7
BJjqV9aMw,KTQ1f72zxj,NC Adult Corrections Reentry,lV3UTgB-_,7
BJjqV9aMw,zyPOTo43pu,NC Adult Corrections Reentry,lV3UTgB-_,7
Sk43Vc6Gv,hNOF6OeWKe,NC Adult Corrections Reentry,lV3UTgB-_,7
Sk43Vc6Gv,kmkJa0Moqd,NC Adult Corrections Reentry,lV3UTgB-_,7
HkTTEqpfP,h3fTs0T3E0,NC Adult Corrections Reentry,lV3UTgB-_,7
HkTTEqpfP,m4tMH6czeb,NC Adult Corrections Reentry,lV3UTgB-_,7
r181rqpzw,A3gBph2aRX,NC Adult Corrections Reentry,lV3UTgB-_,7
r181rqpzw,eSXuT4KQwH,NC Adult Corrections Reentry,lV3UTgB-_,7
r181rqpzw,FPg5HZFFSE,NC Adult Corrections Reentry,lV3UTgB-_,7
r181rqpzw,sS9M1LKw9D,NC Adult Corrections Reentry,lV3UTgB-_,7
r181rqpzw,Ydmrhbr67d,NC Adult Corrections Reentry,lV3UTgB-_,7
r181rqpzw,YmR0u1k2_F,NC Adult Corrections Reentry,lV3UTgB-_,7
HkbbSqaMw,45HbUgIs_N,NC Adult Corrections Reentry,lV3UTgB-_,7
HkbbSqaMw,JPNCtaA8Da,NC Adult Corrections Reentry,lV3UTgB-_,7
B1qGH9pMP,5q730lGGdk,NC Adult Corrections Reentry,lV3UTgB-_,7
B1qGH9pMP,orZlEjC26C,NC Adult Corrections Reentry,lV3UTgB-_,7
HkZjB9afw,JPnanfI92d,NC Adult Corrections Reentry,lV3UTgB-_,7
HkZjB9afw,_LxSabTqDb,NC Adult Corrections Reentry,lV3UTgB-_,7
SJWg8cTMD,7Z5-DJCCS9,NC Adult Corrections Reentry,lV3UTgB-_,7
SJWg8cTMD,dhqKNVHtgj,NC Adult Corrections Reentry,lV3UTgB-_,7
ryNfI96Gv,93BKO4xNEq,NC Adult Corrections Reentry,lV3UTgB-_,7
ryNfI96Gv,kaUxjlhfd_,NC Adult Corrections Reentry,lV3UTgB-_,7
Hye48qTMD,dxvlhAlO23,NC Adult Corrections Reentry,lV3UTgB-_,7
Hye48qTMD,LO_HtQZHVy,NC Adult Corrections Reentry,lV3UTgB-_,7
r1uC85aGv,Sjasb9OusI,NC Adult Corrections Reentry,lV3UTgB-_,7
r1uC85aGv,X3f-0P6Wme,NC Adult Corrections Reentry,lV3UTgB-_,7
H1sePcpfv,dt5W4iUFvy,NC Adult Corrections Reentry,lV3UTgB-_,7
H1sePcpfv,erBQgLaNZE,NC Adult Corrections Reentry,lV3UTgB-_,7
SytcMrtXP,lITiCxIfvS,NC Adult Corrections Reentry,lV3UTgB-_,7
SytcMrtXP,oJg81kJx4E,NC Adult Corrections Reentry,lV3UTgB-_,7
rJDYJwRZY,1RuxH1dA3U,NC Adult Corrections Reentry,lV3UTgB-_,7
rJDYJwRZY,yGoanx8yjN,NC Adult Corrections Reentry,lV3UTgB-_,7
H1mB0hHIY,KZCBokQbJd,NC Adult Corrections Reentry,lV3UTgB-_,7
H1mB0hHIY,ricv3_i4gC,NC Adult Corrections Reentry,lV3UTgB-_,7
BkrCmk88Y,GpKyUqKtcQ,NC Adult Corrections Reentry,lV3UTgB-_,7
BkrCmk88Y,wXae6mtdyM,NC Adult Corrections Reentry,lV3UTgB-_,7
Sk9mVJ8LF,4OQNPMYaPD,NC Adult Corrections Reentry,lV3UTgB-_,7
Sk9mVJ8LF,AweTo6x6V_,NC Adult Corrections Reentry,lV3UTgB-_,7
Sk9mVJ8LF,PdXcKctQYr,NC Adult Corrections Reentry,lV3UTgB-_,7
Sk9mVJ8LF,rwFZAAvsje,NC Adult Corrections Reentry,lV3UTgB-_,7
SJBq6BCcK,5zrqA3vvha,NC Adult Corrections Reentry,lV3UTgB-_,7
SJBq6BCcK,F6fw-EE3Uu,NC Adult Corrections Reentry,lV3UTgB-_,7
kVk7g9mCD,2_akOA5SxH,NC Adult Corrections Reentry,lV3UTgB-_,7
kVk7g9mCD,CwVd8Caj4j,NC Adult Corrections Reentry,lV3UTgB-_,7
kVk7g9mCD,JTvmMiSqG_,NC Adult Corrections Reentry,lV3UTgB-_,7
kVk7g9mCD,XyZSrfzGzK,NC Adult Corrections Reentry,lV3UTgB-_,7
XCGs7KXkA,577yjhZtZw,NC Adult Corrections Reentry,lV3UTgB-_,7
XCGs7KXkA,DrZcXJmpod,NC Adult Corrections Reentry,lV3UTgB-_,7
dNkvB_9PM,0HNb75-mVB,NC Adult Corrections Reentry,lV3UTgB-_,7
dNkvB_9PM,Vd3OpW-XYw,NC Adult Corrections Reentry,lV3UTgB-_,7
vxwZcTf8c,B0jKQ6vXkA,NC Adult Corrections Reentry,lV3UTgB-_,7
vxwZcTf8c,kdpVbx9ZHd,NC Adult Corrections Reentry,lV3UTgB-_,7
vxwZcTf8c,S9PBrRbZr4,NC Adult Corrections Reentry,lV3UTgB-_,7
o6UXWWs23,4tW1pp1beE,NC Adult Corrections Reentry,lV3UTgB-_,7
o6UXWWs23,MxuKqdpVTX,NC Adult Corrections Reentry,lV3UTgB-_,7
6P1d3ZGt9,PmHjMS0-K4,NC Adult Corrections Reentry,lV3UTgB-_,7
6P1d3ZGt9,zsJohblxX6,NC Adult Corrections Reentry,lV3UTgB-_,7
rjiKQ-2OB,2BQoqY3k7W,NC Adult Corrections Reentry,lV3UTgB-_,7
rjiKQ-2OB,XDkfajvrTc,NC Adult Corrections Reentry,lV3UTgB-_,7
lE7M2QVJl,HDo2wd9mkM,NC Adult Corrections Reentry,lV3UTgB-_,7
lE7M2QVJl,UUq5X286XW,NC Adult Corrections Reentry,lV3UTgB-_,7
1458Pi0B1,B3EEVbxZ82,NC Adult Corrections Reentry,lV3UTgB-_,7
1458Pi0B1,BNnxTBtlRn,NC Adult Corrections Reentry,lV3UTgB-_,7
8NR1SqqzA,6XG3pFLvx8,NC Adult Corrections Reentry,lV3UTgB-_,7
8NR1SqqzA,XlSELfab_9,NC Adult Corrections Reentry,lV3UTgB-_,7
miLNBGH6P,Ki5UJ0cVGr,NC Adult Corrections Reentry,lV3UTgB-_,7
miLNBGH6P,nDSL75RcG-,NC Adult Corrections Reentry,lV3UTgB-_,7
SA9wR3ab9,fbt1EyyJtm,NC Adult Corrections Reentry,lV3UTgB-_,7
SA9wR3ab9,Z_AHi5-ecV,NC Adult Corrections Reentry,lV3UTgB-_,7
zpCUham8w,ynJsWuFKSP,NC Adult Corrections Reentry,lV3UTgB-_,7
zpCUham8w,YrFJU6Wn3D,NC Adult Corrections Reentry,lV3UTgB-_,7
1Ra1f_mQ7,Oc0x939NC9,NC Adult Corrections Reentry,lV3UTgB-_,7
1Ra1f_mQ7,Y9UNR82yGE,NC Adult Corrections Reentry,lV3UTgB-_,7
eoJMTBGPP,G8Can4LE4P,NC Adult Corrections Reentry,lV3UTgB-_,7
eoJMTBGPP,LyQCR_eccM,NC Adult Corrections Reentry,lV3UTgB-_,7
eZD73S8PY,eTgLbKscl2,NC Adult Corrections Reentry,lV3UTgB-_,7
eZD73S8PY,RKezzE0quE,NC Adult Corrections Reentry,lV3UTgB-_,7
bmfU2conV,3MN-IDcq9X,NC Adult Corrections Reentry,lV3UTgB-_,7
bmfU2conV,rlSYTcPD4b,NC Adult Corrections Reentry,lV3UTgB-_,7
9mUnwUCy2,gO1bl9R_Bv,NC Adult Corrections Reentry,lV3UTgB-_,7
9mUnwUCy2,tOQxbDh2i7,NC Adult Corrections Reentry,lV3UTgB-_,7
ZT1Q3xRPj,3JsJGA6JFj,NC Adult Corrections Reentry,lV3UTgB-_,7
ZT1Q3xRPj,pQJrx-bb-q,NC Adult Corrections Reentry,lV3UTgB-_,7
8tbf3k0i0,0cfuy0X1kK,NC Adult Corrections Reentry,lV3UTgB-_,7
8tbf3k0i0,s33KxQjdWR,NC Adult Corrections Reentry,lV3UTgB-_,7
eswFCb-Vl,ca9VvtyHb6,NC Adult Corrections Reentry,lV3UTgB-_,7
eswFCb-Vl,WzQQRsW5hn,NC Adult Corrections Reentry,lV3UTgB-_,7
LeEC3HZ_0,EWJQw2tyKG,NC Adult Corrections Reentry,lV3UTgB-_,7
LeEC3HZ_0,Uz3fRdi9RB,NC Adult Corrections Reentry,lV3UTgB-_,7
_EN06IIcx,kKmXSiE_aQ,NC Adult Corrections Reentry,lV3UTgB-_,7
_EN06IIcx,Z4rzWmQQp9,NC Adult Corrections Reentry,lV3UTgB-_,7
YKmersivo,Do7pkB30m3,NC Adult Corrections Reentry,lV3UTgB-_,7
YKmersivo,NDenIIYneb,NC Adult Corrections Reentry,lV3UTgB-_,7
lZBWSDeNQ,J45FXRuuKm,NC Adult Corrections Reentry,lV3UTgB-_,7
lZBWSDeNQ,n3MkjZ4QNC,NC Adult Corrections Reentry,lV3UTgB-_,7
gUb1ekgIb,-sL0TX687A,NC Adult Corrections Reentry,lV3UTgB-_,7
gUb1ekgIb,DGy_YYx1Os,NC Adult Corrections Reentry,lV3UTgB-_,7
4VPYCBfgY,1mYuJmWKhq,NC Adult Corrections Reentry,lV3UTgB-_,7
4VPYCBfgY,9uA2m1NZGC,NC Adult Corrections Reentry,lV3UTgB-_,7
4VPYCBfgY,q38qH6-tmr,NC Adult Corrections Reentry,lV3UTgB-_,7
